[
  {
    "id": "eca2a506-47ce-4018-8420-f0649d1d1f66",
    "data": [
      {
        "text": "my ticket number is INC",
        "userDefined": false
      },
      {
        "text": "0010029",
        "meta": "@sys.number",
        "alias": "number",
        "userDefined": false
      }
    ],
    "isTemplate": false,
    "count": 0,
    "lang": "en",
    "updated": 0
  },
  {
    "id": "4d35651b-e1bf-4dff-9dda-c1125d2a3ab7",
    "data": [
      {
        "text": "my ticket # is ",
        "userDefined": false
      },
      {
        "text": "59",
        "meta": "@sys.number",
        "alias": "number",
        "userDefined": false
      }
    ],
    "isTemplate": false,
    "count": 0,
    "lang": "en",
    "updated": 0
  },
  {
    "id": "af7442a9-0f29-442d-95eb-2edc8522d632",
    "data": [
      {
        "text": "the ticket number is INC",
        "userDefined": false
      },
      {
        "text": "0010060",
        "meta": "@sys.number",
        "alias": "number",
        "userDefined": true
      }
    ],
    "isTemplate": false,
    "count": 0,
    "lang": "en",
    "updated": 0
  },
  {
    "id": "efdba2f2-5539-416c-9278-227958263fea",
    "data": [
      {
        "text": "my ticket number is ",
        "userDefined": false
      },
      {
        "text": "30",
        "meta": "@sys.number",
        "alias": "number",
        "userDefined": false
      }
    ],
    "isTemplate": false,
    "count": 0,
    "lang": "en",
    "updated": 0
  }
]