[
  {
    "id": "44de7efb-d973-4c34-8835-db33eb455a22",
    "data": [
      {
        "text": "helpdesk support",
        "userDefined": false
      }
    ],
    "isTemplate": false,
    "count": 0,
    "lang": "en",
    "updated": 0
  },
  {
    "id": "a88fc561-7989-46f7-a482-0179e83292e7",
    "data": [
      {
        "text": "create an incident",
        "userDefined": false
      }
    ],
    "isTemplate": false,
    "count": 0,
    "lang": "en",
    "updated": 0
  },
  {
    "id": "614dfef6-9333-4880-8fd3-4e6e4c609f80",
    "data": [
      {
        "text": "i need to open a ticket",
        "userDefined": false
      }
    ],
    "isTemplate": false,
    "count": 0,
    "lang": "en",
    "updated": 0
  }
]