[
  {
    "id": "fcb2b741-cee9-47f1-8fe7-335bb2fd488d",
    "data": [
      {
        "text": "check on status of my ticket",
        "userDefined": false
      }
    ],
    "isTemplate": false,
    "count": 0,
    "lang": "en",
    "updated": 0
  },
  {
    "id": "1bacac0c-de2a-43be-9b6e-57f13e839a15",
    "data": [
      {
        "text": "i would like status on my incident",
        "userDefined": false
      }
    ],
    "isTemplate": false,
    "count": 0,
    "lang": "en",
    "updated": 0
  },
  {
    "id": "6b523e72-20bd-41dc-b7ad-dabf4162f7b4",
    "data": [
      {
        "text": "what is the status of my ticket",
        "userDefined": false
      }
    ],
    "isTemplate": false,
    "count": 0,
    "lang": "en",
    "updated": 0
  }
]