[
  {
    "id": "1ed9e59a-d5c5-46af-9734-c192c70ae2e1",
    "data": [
      {
        "text": "Bud Richardson",
        "meta": "@sys.any",
        "alias": "username",
        "userDefined": true
      },
      {
        "text": " and ",
        "userDefined": false
      },
      {
        "text": "my mobile phone will not turn on",
        "meta": "@sys.any",
        "alias": "description",
        "userDefined": true
      }
    ],
    "isTemplate": false,
    "count": 0,
    "lang": "en",
    "updated": 0
  },
  {
    "id": "94add167-eaaa-4651-ab9e-d85b9d7d1700",
    "data": [
      {
        "text": "Margaret Grey",
        "meta": "@sys.any",
        "alias": "username",
        "userDefined": true
      },
      {
        "text": ", my ",
        "userDefined": false
      },
      {
        "text": "laptop has a blue screen",
        "meta": "@sys.any",
        "alias": "description",
        "userDefined": true
      }
    ],
    "isTemplate": false,
    "count": 0,
    "lang": "en",
    "updated": 0
  },
  {
    "id": "f021737e-e194-478d-ad42-b84d8f2622bd",
    "data": [
      {
        "text": "David Miller",
        "meta": "@sys.any",
        "alias": "username",
        "userDefined": true
      },
      {
        "text": " and need to ",
        "userDefined": false
      },
      {
        "text": "reset my password",
        "meta": "@sys.any",
        "alias": "description",
        "userDefined": true
      }
    ],
    "isTemplate": false,
    "count": 0,
    "lang": "en",
    "updated": 0
  }
]